ID,Quelle,Revision_oder_Fundstelle,Aussageklasse,Lokaler_Beleg,Provenienz,Aussagegrenze
DDR-621,Novena ddr3 notes,oldid 621,BELEGT,research/05-gesamtanalyse/19-KOSAGI-DDR-HARDWARE.md; research/05-gesamtanalyse/22-quellenprovenienz/03-NOVENA-KOSAGI-ORIGINALQUELLEN.md,Dokumentierte Originalinhaltsprüfung K02; https://kosagi.com/w/index.php?title=Novena_ddr3_notes&oldid=621; keine archivierte HTML-Rohkopie,Historische DIMMs; heutige SPD und Rankzahl offen
DDR-1372,Novena PVT2 ECO List,oldid 1372,BELEGT,research/01-original-novena-docs/sources/kosagi-novena-pvt2-eco-list.html,Lokale Originalkopie; https://kosagi.com/w/index.php?title=Novena_PVT2_ECO_List&oldid=1372,Heutige ECO-Bestückung offen
DDR-1755,U-boot PVT Notes,oldid 1755,BELEGT,research/01-original-novena-docs/sources/kosagi-u-boot-pvt-notes.html,Lokale Originalkopie; https://kosagi.com/w/index.php?title=U-boot_PVT_Notes&oldid=1755,Historische dynamische Kalibrierung; keine heutige DIMM-Identität
DDR-826,Novena Issue Log,oldid 826,BELEGT,research/02-historical-software/sources/kosagi-hardware-history/Novena_Issue_Log.html,Lokale Originalkopie: wgRevisionId=826 und Retrieved-from-Permalink; https://kosagi.com/w/index.php?title=Novena_Issue_Log&oldid=826,Historischer Bericht; kein aktueller Fehlernachweis
DDR-944,Novena DVT Issue Log,oldid 944,BELEGT,research/05-gesamtanalyse/22-quellenprovenienz/03-NOVENA-KOSAGI-ORIGINALQUELLEN.md,Dokumentierte Originalinhaltsprüfung K04; https://kosagi.com/w/index.php?title=Novena_DVT_Issue_Log&oldid=944; keine hier archivierte HTML-Rohkopie,Historischer Burn-in; keine heutige DIMM-Identität
DDR-1057,Novena PVT Issue Log,oldid 1057,BELEGT,research/01-original-novena-docs/sources/kosagi-novena-pvt-issue-log.html,Lokale Originalkopie; https://kosagi.com/w/index.php?title=Novena_PVT_Issue_Log&oldid=1057,Kein aktueller DDR-Ursachenbeleg
DDR-1832,System boot time messages,oldid 1832,BELEGT,,Bestätigter Stand 51A/52B gemäß Auftrag 9C-52C,Lokale Rohkopie und vollständige URL nicht nachgewiesen
DDR-KONT,Geometriekontinuität 2014–2026,,STARK BELEGT,research/05-gesamtanalyse/18-U-BOOT-DDR-HISTORIE.md,Lokale Softwareableitung und bestätigter Stand 51A/52B,Keine Identität des aktuellen DIMMs
R1-ID,novena-mmc-disk-r1.img,http://repo.novena.io/novena/images/novena-mmc-disk-r1.img,BELEGT,research/01-original-novena-docs/sources/kosagi-novena-main-page.html,Lokale Primärquelle: Disk Imaging; Name und URL und SHA256/MD5 und Auslieferung,SHA256 26d368cb4b3aa43e411703f8c659d3e229deacfe75af38c1f82489dd9af80dbb; MD5 6923a145cbdc75b420408fc2d09ba4f8; keine Binärkopie
R1-PROC,Factory-Prozedur und Shrink/Expand,,BELEGT,research/01-original-novena-docs/sources/kosagi-novena-main-page.html,Lokale Primärquelle: Disk Imaging; shrunken ext4 und Factory-dd/fdisk/fsck/resize2fs,dd; p3 bis Kartenende; fsck; resize2fs; exakter Release-Shrink offen
R1-SIG,OpenPGP-Signatur-Paketzeit,2014-12-22 07:35:33 UTC,BELEGT,research/01-original-novena-docs/sources/kosagi-novena-main-page.html,Lokale ASCII-armierte OpenPGP-Signatur im Abschnitt Disk Imaging; Paketzeit aus Signaturbytes; keine Gesamtverifikation,Kryptographische Gesamtprüfung offen; kein Image-Erstellungsdatum
R1-BIN,Factory-R1-Binärkopie,,QUELLENLUECKE,,Bestätigter Stand 51A/52B gemäß Auftrag 9C-52C,FACTORY_R1_BINARY_RECOVERED=NO; kein Verlustnachweis; Originalgeometrie offen
R1-UB,Factory-U-Boot,2014.10-novena-rc12,STARK BELEGT,/home/loomit/novena-historical-research/novena-image/mmc-install.sh; research/02-historical-software/extracts/xobs-u-boot-novena-tag-history.txt,novena-image Commit 8b64953 vom 2014-11-04: u-boot-novena_2014.10-novena-rc12_armhf.deb; bestätigt Chronologie; Factory-Zuordnung weiterhin Stand 51A/52B,Version ist keine exakte Commitzuordnung
R1-COMMIT,Stärkster U-Boot-Commit-Kandidat,v2014.10-novena-rc12; c5efeadb913c8246be372054adcd6106ad4fe067,NICHT BELEGT,research/02-historical-software/extracts/xobs-u-boot-novena-tag-history.txt; research/05-gesamtanalyse/18-U-BOOT-DDR-HISTORIE.md,Lokale Tag-/Commitzuordnung v2014.10-novena-rc12; kein Nachweis des R1-Binärinhalts,FACTORY_R1_EXACT_UBOOT_COMMIT=NICHT_BELEGT
R1-KERNEL,Factory-/shipped-Novena-Kernel,3.17.0-rc5-00217-gfd79638,STARK BELEGT,,Bestätigter Stand 51A/52B gemäß Auftrag 9C-52C,Bytegenaue R1-Zuordnung offen; spätere Updates getrennt
APT-GEN,Repositorygenerationen,repo.novena.io/repo/; repo.novena.io/debian/; repo.novena.io/novena/images/,BELEGT,/home/loomit/novena-historical-research/novena-image/novena-image.sh; research/01-original-novena-docs/sources/kosagi-novena-main-page.html; docs/QUELLENVERZEICHNIS.md,Lokaler Builder: /repo/; lokale Main Page: /novena/images/; spätere /debian/-Generation gemäß Stand 51A/52B; kanonische Pfade in Revision_oder_Fundstelle,Frühere APT; spätere APT/Pakete; Images; Umschaltdatum offen
APT-CHAIN,Signierte historische APT-Indexkette,,QUELLENLUECKE,,Bestätigter Stand 51A/52B gemäß Auftrag 9C-52C,SIGNED_APT_INDEX_CHAIN=QUELLENLUECKE
APT-EARLY,Frühe Paketphase,03C7B7EC; kosagi-repo_1.0-r1; novena-eeprom_2.1-1; novena-firstrun_1.4-r1,BELEGT,,Bestätigter Stand 51A/52B gemäß Auftrag 9C-52C,Keine exakte Paketzuordnung zum R1-Binärimage
COMM-IRC,OFTC #kosagi,,BELEGT,research/01-original-novena-docs/sources/kosagi-novena-main-page.html,Lokale Primärquelle: Potential contributors nennt irc.oftc.net #kosagi; keine Gesprächsinhalte,Kanal-/OFTC-Bezug lokal belegt; Gesprächsinhalte und öffentliches historisches Logarchiv offen
COMM-FORUM,Kosagi-Forum: Novena Firmware,viewtopic.php?id=421,BELEGT,,Bestätigter Stand 51A/52B gemäß Auftrag 9C-52C,Technische Quelle; vollständige URL lokal nicht nachgewiesen
COMM-C3D2,C3D2 Novena und factory-image-Verweis,,BELEGT,,Bestätigter Stand 51A/52B gemäß Auftrag 9C-52C,Heutiger R1-Binärbesitz NICHT BELEGT
COMM-31C3,31C3: bunnie/xobs/fail0verflow,,BELEGT,,Bestätigter Stand 51A/52B gemäß Auftrag 9C-52C,Zeit-/Ereignisanker; kein Factory-Image-Archivnachweis
COMM-FIRST,xobs Novena First Run,2014-10-12,BELEGT,,Bestätigter Stand 51A/52B gemäß Auftrag 9C-52C,Arbeit am finalen Disk-Image; lokale Rohkopie nicht nachgewiesen
COMM-FACTORY,xobs Factory test,2014-11-16,BELEGT,,Bestätigter Stand 51A/52B gemäß Auftrag 9C-52C,Factory-Phase; lokale Rohkopie nicht nachgewiesen
HIST-IMAGE,xobs/novena-image Git-Historie,f62c4f3b452199ab882e2c3dba16d4e31dfb1d56; master; 36 Commits,BELEGT,/home/loomit/novena-historical-research/novena-image,https://github.com/xobs/novena-image.git; 9C-52D-1; Git-Objekte und Builder,3965190144 Byte Builder-Gesamtgröße; R1-Releasegröße und exakte Geometrie offen; heutiges master nicht Dezember 2014
HIST-OPENBSD,OpenBSD Novena-Support,31642defb5b3233700d202713f8a65d872d823c3; 2015-05-08T03:38:26Z,BELEGT,/home/loomit/novena-historical-research/openbsd-src,9C-52D-2R; Committext und sys/arch/armv7; a5b7bc8b7df RAM-Bericht,Realer Betrieb und mehrere GiB RAM; Bootloader initialisiert DDR; kein vollständiger lokaler Bootlog; keine R1-/C1-Q1-Ursache
HIST-GENTOO,gentoo-on-novena,f49fcab518c5bb4b2fb0e90baecf8b504209bfff,BELEGT,/home/loomit/novena-historical-research/gentoo-on-novena,https://github.com/sakaki-/gentoo-on-novena; README und Releasehistorie; 9C-52D-2R,Spätere bootfähige microSD-Gesamtimages und Boardbericht; kein vollständiger serieller Bootlog; Factory-R1-Zuordnung NICHT BELEGT
HIST-OVERLAY,novena-overlay,8f88536ebcd4fc107b75a97006a8447628d08638; 30 Commits,BELEGT,/home/loomit/novena-historical-research/novena-overlay,https://github.com/sakaki-/novena-overlay; README und u-boot-novena-2014.10.8.ebuild; 9C-52D-2R,Deklarierter xobs-Port; v2014.10.r8-novena -> b98333336941440e2792715853cbe0211577e0d7; ursprüngliches Archiv nicht nachträglich verifiziert; R1-Zuordnung NICHT BELEGT
